;param_n_estimators;param_min_samples_split;param_min_samples_leaf;Mean Accuracy;rank_test_score
0;100;2;5;0.8195702243538672;4
1;200;2;5;0.8224454726897735;1
2;100;5;5;0.8195702243538672;4
3;200;5;5;0.8224454726897735;1
4;100;10;5;0.8195702243538672;4
5;200;10;5;0.8224454726897735;1
6;100;2;7;0.8140980093422551;10
7;200;2;7;0.8159220141018485;7
8;100;5;7;0.8140980093422551;10
9;200;5;7;0.8159220141018485;7
10;100;10;7;0.8140980093422551;10
11;200;10;7;0.8159220141018485;7
